,question,answer,category,table_id
0,How old was Jenson Button when he achieved his best finish in the 2018 Super GT GT500 Championship?,38,f1,0
1,What was Jenson Button's age when he won the Super GT GT500 Championship?,38,f1,0
2,How many years did it take Jenson Button to win his second championship?,9,f1,0
3,Where did Jenson Button compete 5 years before his Super GT GT500 Championship debut?,Brazil,f1,0
4,For how many years did Jenson Button's professional career last?,17,f1,0
5,How old was Jenson Button when he began his professional career?,20,f1,0
6,Which country did Jenson Button participate in the Formula One World Championship starting in 2000?,England,f1,0
7,What year did Jenson Button first participate in the Australian Grand Prix?,2000,f1,0
8,How many years ago did Jenson Button last win the Brazilian Grand Prix in the Formula One World Championship?,10,f1,0
9,What time is it in Florida if it's 8:40 in the Atlantic Time Zone?,7:40,time zone,33
10,Which time zone is shown in the table?,Atlantic,time zone,33
11,What time is it in the Atlantic Time Zone if it's 10:00 in California?,2:00,time zone,33
12,What is the time difference in hours between the Atlantic Time Zone and Florida?,1,time zone,33
13,"What was the current time on June 28, 2022, according to AST?",8:40 a.m.,time zone,33
14,What is the time difference in hours between AST and ADT?,1,time zone,33
15,How many UTC offsets are shown?,2,time zone,34
16,What time zone is specified in the table?,Mountain,time zone,34
17,What is the time difference in hours between MST and MDT?,1,time zone,34
18,What is the time difference in hours between Florida and Colorado?,2,time zone,34
19,How many different time zones are there in the US?,6,time zone,34
20,"If it's 4 p.m. in Los Angeles, California, what time is it in Chicago, Illinois?",6 p.m.,time zone,34
21,What is the time difference in hours between NST and NDT?,1,time zone,35
22,How many hours is NDT behind Coordinated Universal Time (UTC)?,2.5,time zone,35
23,What is the current time in the Newfoundland Time Zone?,11:26 p.m.,time zone,35
24,For which senior year team did Pau Quemada start playing in the year he won the bronze medal at the World Cup?,Leuven,hockey,41
25,"Where did the 2009 World Cup, where Pau Quemada won a bronze medal, take place?",Mönchengladbach,hockey,41
26,How many years has Pau Quemada been playing in his senior career?,17,hockey,41
27,What is the most recent team that Pau Quemada has been associated with?,Leuven,hockey,41
28,"Since 2005, which team has Pau Quemada been associated with the longest in the senior division?",Leuven,hockey,41
29,How many years did Pau Quemada play in the senior division?,16,hockey,41
30,How many years separate Pau Quemada's start at Leuven from the beginning of his current team membership?,15,hockey,41
31,How much longer in years did Pau Quemada play for Club Egara than for Laren?,4,hockey,41
32,How many years did Pau Quemada play for Real Club de Polo?,2,hockey,41
33,How many years are there between Rubens Barrichello's first and last win in Formula One?,9,f1,51
34,How many years are there between Barrichello's best finish in his Stock Car Brasil career and his best finish in his IndyCar Series career?,2,f1,51
35,How old was Barrichello when his Formula One career began?,21,f1,51
36,Which race did Barrichello win 7 years after his Formula One career began?,German Grand Prix,f1,51
37,What year did Rubens Barrichello have his best finish in his Stock Car Brasil career?,2014,f1,51
38,How old was Rubens Barrichello when he won his last Grand Prix?,37,f1,51
39,How many years was Rubens Barrichello active in his career?,18,f1,51
40,How many years did it take for Rubens Barrichello to get his first win in Formula One?,7,f1,51
41,How many years are there between Barrichello's last win and his last entry into a Grand Prix for Formula One?,2,f1,51
42,How long in years did Kapil Dev play ODI cricket?,16,cricket,52
43,How much longer did Kapil Dev play for Haryana than for Worcestershire?,6,cricket,52
44,How many days were between Dev's Test debut and his ODI debut?,15,cricket,52
45,How many years before Kapil Dev's last ODI did he start playing for Worcestershire?,10,cricket,52
46,What was the first team Kapil Dev was associated with?,Haryana,cricket,52
47,With which team was Kapil Dev associated for the longest amount of time?,Haryana,cricket,52
48,What domestic team was Kapil Dev associated with most recently?,Haryana,cricket,52
49,For which domestic team was Kapil Dev playing in 1982?,Northamptonshire,cricket,52
50,Who was the captain of the Indian cricket test team in 1980?,Kapil Dev,cricket,52
51,How many times did Madan Lal take 5 wickets in an innings in Test and ODI matches?,4,cricket,53
52,How many more years did Madan Lal spend at Delhi than in Punjab?,14,cricket,53
53,What domestic team was Madan Lal associated with when he made his Test debut?,Delhi,cricket,53
54,What was the first team associated with Madan Lal?,Punjab,cricket,53
55,How many more years did Lal play for Delhi than for Punjab?,4,cricket,53
56,How many years are between Madan Lal's last Test and his ODI debut?,12,cricket,53
57,What domestic team did Madan Lal play for during his Test debut?,Punjab,cricket,53
58,What team was Madan Lal associated with most recently?,Delhi,cricket,53
59,How many days after the anniversary of Madan Lal's first Test did he play his last Test?,13,cricket,53
60,"In addition to KwaZulu-Natal, which professional team did Shaun Pollock represent in 2000?",Warwickshire,cricket,54
61,How old was Shaun Pollock when he made his ODI debut in 1996?,23,cricket,54
62,What was the second team that Shaun Pollock played for?,Warwickshire,cricket,54
63,What was the last team that Shaun Pollock played for?,Durham,cricket,54
64,Over how many years did Shaun Pollock play for the Dolphins?,2,cricket,54
65,What team did Pollock play for during the year of his T20I debut?,Dolphins,cricket,54
66,How much longer in years did Pollock play for KwaZulu-Natal than for Warwickshire?,5,cricket,54
67,How old was Pollock during his Test debut?,22,cricket,54
68,How many years ago did Shaun Pollock play his last T20I?,14,cricket,54
69,How many months were between Waqar Younis's last Test and his last ODI?,2,cricket,55
70,Which domestic team did Waqar Younis play for in 2002?,National Bank of Pakistan,cricket,55
71,How many years ago did Waqar Younis play his last ODI?,19,cricket,55
72,How many total wickets did Waqar Younis take in his career from 1987 to 2003?,2420,cricket,55
73,How many years after Younis played for Allied Bank Limited was the picture taken?,11,cricket,55
74,How many domestic teams did Waqar Younis play for in 1999?,2,cricket,55
75,"One year after beginning his domestic team career, where did Waqar Younis play domestically?",Multan,cricket,55
76,What was the last team Waqar Younis played for before the turn of the millennium?,REDCO Pakistan Limited,cricket,55
77,How many more years did Younis play for Surrey than for Glamorgan?,2,cricket,55
78,How old was Sanath Jayasuriya when he made his Test debut in 1991?,22,cricket,56
79,How many total matches did Sanath Jayasuriya play in all formats?,931,cricket,56
80,How long in years did Sanath Jayasuriya play for his national team?,22,cricket,56
81,What was the third team that Sanath Jayasuriya played for?,Lancashire,cricket,56
82,What was the first team that Sanath Jayasuriya played for?,Bloomfield,cricket,56
83,For how many years did Sanath Jayasuriya play for Bloomfield?,17,cricket,56
84,How many years after his first year with Bloomfield did Jayasuriya play for the Khulna Royal Bengals?,18,cricket,56
85,What team did Jayasuriya play for during the year of his last Test?,Lancashire,cricket,56
86,How old was Jayasuriya when he started playing for Bloomfield?,25,cricket,56
87,How many more years did Richards play for the Leeward Islands than for Glamorgan?,17,cricket,57
88,Which domestic team did Viv Richards play for in 1980?,Somerset,cricket,57
89,How many years did Viv Richards play for the West Indies?,17,cricket,57
90,How many years ago did Viv Richards make his ODI debut?,47,cricket,57
91,When did Viv Richards start playing domestically?,1971,cricket,57
92,What was the last team that Viv Richards was associated with domestically?,Glamorgan,cricket,57
93,For how many years did Viv Richards play domestically?,22,cricket,57
94,How many years passed between Richard's ODI debut and his last year playing for Somerset?,11,cricket,57
95,What domestic team was Richards playing for during his Test debut?,Combined Islands,cricket,57
96,How many more years did Alejandro Valverde spend with Illes Balears–Banesto than with Kelme–Costa Blanca?,3,cycling,99
97,How many individual stages did Alejandro Valverde win in the Tour de France during the 2010s?,1,cycling,99
98,In which year did Alejandro Valverde achieve his first Tour de France victory?,2005,cycling,99
99,How many bronze medals did Alejandro Valverde win from 2000 to 2009?,1,cycling,99
100,How many more years was Valverde with the Puente Tocinos team than with Illes Balears–Banesto?,4,cycling,99
101,For which team did Valverde ride the year he won silver at the Hamilton World Championships?,Kelme–Costa Blanca,cycling,99
102,How many major wins did Valverde have in 2008?,6,cycling,99
103,What professional team did Alejandro Valverde represent before joining Illes Balears–Banesto?,Kelme–Costa Blanca,cycling,99
104,"After winning a bronze medal at the 2001 Mediterranean Games, in which year did Alejandro Valverde next win a medal at the World Championships?",2003,cycling,99
105,How many times did Felice Gimondi participate in the National Road Race Championships?,2,cycling,100
106,How old was Felice Gimondi when he won a silver medal at the UCI Road World Championships?,29,cycling,100
107,Which professional team was Felice Gimondi with the longest?,Salvarani,cycling,100
108,What was the second professional team that Felice Gimondi joined?,Bianchi–Campagnolo,cycling,100
109,What year did Felice Gimondi win his first medal?,1970,cycling,100
110,In what city did Felice Gimondi win a medal the same year as his second appearance at the Giro di Lombardia?,Barcelona,cycling,100
111,How many gold medals did Felice Gimondi win at the 1973 UCI Road World Championships?,1,cycling,100
112,For which professional team did Felice Gimondi ride during the Tour de Romandie?,Salvarani,cycling,100
113,With which team did Felice Gimondi ride in 1970?,Salvarani,cycling,100
114,How old was Moser when he first rode for Famcucine–Campagnolo?,30,cycling,101
115,What international competition did Moser win gold the same year he won the World Road Race Championships?,San Christóbal World Championships,cycling,101
116,How old was Francesco Moser when he rode for Sanson?,25,cycling,101
117,Where did Francesco Moser win a gold medal in 1976?,Monteroni di Lecce,cycling,101
118,What medal did Monteroni di Lecce win at the 1977 San Christóbal World Championships?,Gold,cycling,101
119,With which professional team was Francesco Moser associated in 1984?,Gis Gelati,cycling,101
120,How many gold medals has Hugo Calderano won in singles events since 1976?,2,cycling,101
121,How many major wins did Moser have while he rode for Gis Gelati?,5,cycling,101
122,How many times did Francesco Moser participate in the National Road Race Championships from 1973?,3,cycling,101
123,What was the last stage race Gino Bartali won?,Tour de Romandie,cycling,102
124,How old was Gino Bartali when he joined his first professional team?,21,cycling,102
125,What professional team did Gino Bartali belong to during the Tour de Romandie?,Bartali–Gardiol,cycling,102
126,How many one-day races and Classics did Bartali ride in 1939?,4,cycling,102
127,Which was the last team Gino Bartali rode for in 1954?,Bartali–Brooklin,cycling,102
128,What year did Gino Bartali first join the amateur team?,1931,cycling,102
129,Over how many years was Gino Bartali a part of the amateur team?,4,cycling,102
130,How old was Gino Bartali when he rode for the Fréjus team?,21,cycling,102
131,How many total years did Gino Bartali ride for professional teams?,19,cycling,102
132,With which team did Joop Zoetemelk play professionally the longest?,Gan–Mercier–Hutchinson,cycling,103
133,What professional team did Zoetemelk ride for in the year the picture was taken?,Flandria–Mars,cycling,103
134,How many years before Zoetemelk first won the Paris–Nice stage race did he win gold at the Olympics?,6,cycling,103
135,What year did Joop Zoetemelk win gold at the World Championships?,1985,cycling,103
136,What was the first year that Joop Zoetemelk played professionally?,1970,cycling,103
137,How many major wins did Zoetemelk have in 1979?,6,cycling,103
138,What was the first team with which Joop Zoetemelk played professionally?,Flandria–Mars,cycling,103
139,How many years separated the two gold medals that Joop Zoetemelk won in his career?,17,cycling,103
140,What medal did Joop Zoetemelk win at the 1968 Mexico City Olympics?,Gold,cycling,103
141,In which year did Poulidor win a silver medal at the World Championships?,1974,cycling,104
142,In what year did Poulidor join a professional team?,1960,cycling,104
143,In what year was Raymond Poulidor's best finish in a championship?,1974,cycling,104
144,Which one-day race did Poulidor participate in the same year as the Grand prix des Nations?,La Fleche Wallonne,cycling,104
145,In what year did Raymond Poulidor first receive a medal in a championship?,1961,cycling,104
146,How many years before his death did Raymond Poulidor win the silver medal for France?,45,cycling,104
147,Which major win had the most stages?,Tour de France,cycling,104
148,How many gold medals did Raymond Poulidor win for France?,0,cycling,104
149,For how many years did Raymond Poulidor belong to a professional team?,17,cycling,104
150,How old was Sean Kelly when he joined his first professional team?,21,cycling,105
151,How many stage races did Kelly win in 1983?,3,cycling,105
152,What professional team was Sean Kelly a part of when he won a bronze medal at the Chambéry World Championships?,PDM–Concorde,cycling,105
153,What was Sean Kelly's most recent professional team?,Catavana,cycling,105
154,How long in years did Sean Kelly compete in professional teams?,17,cycling,105
155,In what year did Sean Kelly last win a medal at the World Championships?,1989,cycling,105
156,How many years separate Sean Kelly's first and last World Championship appearances?,7,cycling,105
157,What was the first professional team that Sean Kelly played for?,Flandria–Velda–Latina Assicurazioni,cycling,105
158,In what year did Sean Kelly attend his first World Championships?,1982,cycling,105
159,In what year did Ali Farag win his first team gold at the World Team Championships?,2017,squash,106
160,How old was Ali Farag when he turned professional?,17,squash,106
161,How many years after turning pro did Farag achieve his highest ranking?,13,squash,106
162,At what age did Farag turn professional?,17,squash,106
163,How many years are there between Farag winning gold at the Cairo World Championships and at the Marseille World Team Championships?,4,squash,106
164,In which city did Ali Farag win the most medals in the 21st century?,Chicago,squash,106
165,How old was Ali Farag the year he turned pro?,17,squash,106
166,How old was Ali Farag the year he reached the number one ranking?,30,squash,106
167,How old was Ali Farag when he won his first team gold at the World Team Championships?,25,squash,106
168,"Did Joel Makin win his gold medal in Washington, D.C., within ten years of turning pro?",yes,squash,107
169,What year did Joel Makin reach his highest ranking?,2021,squash,107
170,What year did Joel Makin turn professional?,2014,squash,107
171,How old was Joel Makin when he won a bronze medal?,25,squash,107
172,"Was Joel Makin in his twenties when he won his bronze medal in Washington, D.C.?",yes,squash,107
173,Was Joel Makin a teenager when he attained his highest ranking?,no,squash,107
174,How many years are between Makin's current rank and when he won bronze at the World Team Championships?,3,squash,107
175,How many months after his 27th birthday did Makin achieve his highest rank?,2,squash,107
176,How old was Joel Makin when he won a bronze medal at the World Team Championships?,25,squash,107
177,At what age did Mohamed El Shorbagy win the World Team Championship?,20,squash,108
178,How many years after going pro did Mohamed El Shorbagy become ranked number one in the world?,8,squash,108
179,How many medals did Mohamed El Shorbagy win in World Championships (singles) from 2013?,8,squash,108
180,What was Mohamed El Shorbagy's rank in 2022?,3,squash,108
181,How many years ago was Mohamed El Shorbagy ranked as World No. 1?,8,squash,108
182,How many titles has Mohamed El Shorbagy won?,43,squash,108
183,Where was the World Championship held when Mohamed El Shorbagy was 25?,Cairo,squash,108
184,At what age did Mohamed El Shorbagy turn pro?,15,squash,108
185,How many coaches has Mohamed El Shorbagy been trained by?,5,squash,108
186,How many medals did Coll win in international competition the year the picture was taken?,2,squash,109
187,How long in years has Paul Coll been active in his career?,12,squash,109
188,What year did Paul Coll win a silver medal at the Commonwealth Games?,2018,squash,109
189,In what year did Paul Coll receive his first silver medal?,2018,squash,109
190,How many years has it been since Paul Coll last received a bronze medal in any competition?,4,squash,109
191,In what year did Paul Coll first win a gold medal in the World Doubles Championships?,2016,squash,109
192,In what year did Paul Coll win his first bronze medal?,2016,squash,109
193,How many World Doubles Championship gold medals had Paul Coll won before achieving his highest ranking?,2,squash,109
194,How many years after turning pro did Paul Coll achieve his highest ranking?,12,squash,109
195,How many years were between Coll winning gold at the Darwin World Doubles Championships and winning bronze at the Commonwealth Games?,2,squash,109
196,What year did Paul Coll achieve his highest ranking?,2022,squash,109
197,How many years before achieving his highest ranking did Paul Coll win gold at the Manchester World Doubles Championships?,5,squash,109
198,How old was Tarek Momen when he turned pro?,17,squash,110
199,How many gold medals did Tarek Momen win in 2015?,0,squash,110
200,How many spots did Tarek Momen fall in the ranking from February 2019 to December 2021?,1,squash,110
201,How old was Tarek Momen when he achieved his highest ranking?,31,squash,110
202,How old was Tarek Momen when he turned pro?,17,squash,110
203,In what month and year did Tarek Momen achieve his highest ranking?,February 2019,squash,110
204,How old was Tarek Momen when he reached his highest ranking in 2019?,31,squash,110
205,How many years after turning pro did Tarek Momen achieve his highest ranking?,14,squash,110
206,In how many World Team Championships did Tarek Momen participate before playing the World Open singles?,1,squash,110
207,At what age did Chiyonofuji Mitsugu retire?,36,sumo,131
208,How many years after Chiyonofuji Mitsugu's debut did he die?,46,sumo,131
209,How old was Chiyonofuji Mitsugu when he made his debut?,15,sumo,131
210,How old was Chiyonofuji Mitsugu when he retired?,36,sumo,131
211,How many years did Chiyonofuji Mitsugu compete?,21,sumo,131
212,How many years after his debut in 1970 did Chiyonofuji achieve his highest rank?,11,sumo,131
213,How many years ago did Chiyonofuji die?,6,sumo,131
214,How old was Chiyonofuji Mitsugu when he achieved his highest ranking?,26,sumo,131
215,For how many years had Chiyonofuji been a sumo wrestler since 1970?,21,sumo,131
216,How old was Futabayama Sadaji when he achieved the rank of Yokozuna?,25,sumo,134
217,In what year did Futabayama Sadaji make his debut?,1927,sumo,134
218,How many years after his retirement did Futabayama Sadaji die?,23,sumo,134
219,How old was Futabayama Sadaji when he retired?,33,sumo,134
220,How many years was Futabayama Sadaji actively involved in his sport?,18,sumo,134
221,How old was Futabayama Sadaji when he made his debut?,15,sumo,134
222,How old was Futabayama Sadaji when he retired?,33,sumo,134
223,How old was Futabayama Sadaji when he reached his highest rank?,25,sumo,134
224,How many years after his debut did Futabayama Sadaji retire?,18,sumo,134
225,Which championship did Haguroyama Masaji win more of than all others combined?,Makuuchi,sumo,137
226,At what age did Haguroyama Masaji achieve his highest rank?,26,sumo,137
227,How old was Haguroyama Masaji when he became a Yokozuna?,27,sumo,137
228,At what age did Haguroyama Masaji retire?,39,sumo,137
229,How old was Haguroyama Masaji when he debuted?,20,sumo,137
230,At what age did Haguroyama Masaji receive his highest ranking?,27,sumo,137
231,How many years was Haguroyama Masaji's sumo career?,19,sumo,137
232,How many years ago did Haguroyama Masaji start his career?,88,sumo,137
233,How many years after debuting did Haguroyama Masaji retire?,19,sumo,137
234,How old was Harumafuji Kōhei during his debut?,17,sumo,139
235,How old was Harumafuji Kōhei when he retired from sumo in 2017?,33,sumo,139
236,What year did Harumafuji Kōhei attain his highest ranking?,2012,sumo,139
237,How many years did Harumafuji Kōhei compete before retiring in 2017?,16,sumo,139
238,How old was Harumafuji Kōhei when he made his debut?,17,sumo,139
239,How many months after his 28th birthday did Harumafuji Kōhei achieve the rank of Yokozuna?,5,sumo,139
240,How many special prizes did Harumafuji Kōhei win since 2001?,10,sumo,139
241,How many years ago did Harumafuji Kōhei debut as a Sumo Wrestler?,21,sumo,139
242,How many years were between Harumafuji Kōhei's debut and his retirement?,16,sumo,139
243,How many years after achieving his highest rank did Kaiō Hiroyuki retire?,11,sumo,145
244,How many months after turning 28 did Kaiō Hiroyuki achieve Ōzeki?,2,sumo,145
245,How old was Kaiō Hiroyuki when he made his debut?,16,sumo,145
246,How many years after his debut did Kaiō Hiroyuki retire?,23,sumo,145
247,How old was Kaiō Hiroyuki when he retired?,39,sumo,145
248,How many years ago did Kaiō Hiroyuki first debut in sumo wrestling?,34,sumo,145
249,In what month and year did Kaiō Hiroyuki achieve his highest rank in sumo wrestling?,Sep-00,sumo,145
250,How old was Kaiō Hiroyuki during the year of his debut?,16,sumo,145
251,How many gold stars did Kaiō Hiroyuki have as of May 2011?,6,sumo,145
252,How old was Kitanoumi Toshimitsu when he retired?,32,sumo,148
253,What year did Kitanoumi Toshimitsu achieve his highest rank?,1974,sumo,148
254,How old was Kitanoumi Toshimitsu when he made his debut?,13,sumo,148
255,How many months before his 14th birthday did Obata make his debut?,4,sumo,148
256,How many years before his death did Obata retire?,30,sumo,148
257,How many years was Kitanoumi Toshimitsu a sumo wrestler?,18,sumo,148
258,How old was Toshimitsu Obata when he became Yokozuna?,21,sumo,148
259,How old was Kitanoumi Toshimitsu when he made his debut?,14,sumo,148
260,How many years ago did Kitanoumi Toshimitsu retire?,37,sumo,148
261,How many gold stars did Tochiazuma Daisuke have as of May 2007?,4,sumo,169
262,How old was Tochiazuma Daisuke when he retired from sumo?,30,sumo,169
263,How many years into his career did Tochiazuma Daisuke achieve his highest rank?,8,sumo,169
264,How old was Daisuke Shiga in the year of his professional debut?,18,sumo,169
265,How many years before he retired did Daisuke Shiga achieve his highest rank?,5,sumo,169
266,How many months before his 31st birthday did Daisuke Shiga retire?,6,sumo,169
267,How old was Tochiazuma Daisuke when he made his debut?,18,sumo,169
268,How many years was Tochiazuma Daisuke a sumo wrestler?,13,sumo,169
269,How many years did Tochiazuma Daisuke wrestle?,13,sumo,169
270,How old was Aminishiki Ryūji when he made his debut?,18,sumo,180
271,How many years was Aminishiki Ryūji involved in sumo before retiring?,22,sumo,180
272,In what month and year did Aminishiki Ryūji have his first official fight?,January 1997,sumo,180
273,How many years after his debut did Aminishiki Ryūji achieve the rank of Sekiwake?,10,sumo,180
274,How many months before his 41st birthday did Aminishiki Ryūji retire?,3,sumo,180
275,How old was Aminishiki Ryūji when he achieved his highest rank?,28,sumo,180
276,How many years was Aminishiki Ryūji active in his career before retiring in 2019?,22,sumo,180
277,How old was Aminishiki Ryūji during his debut?,19,sumo,180
278,How old was Aminishiki Ryūji when he retired?,41,sumo,180
279,How many years after its registering was the modern party founded?,5,political party,182
280,Was Iván Espinel born before 2010?,yes,political party,182
281,How many ideologies has the Citizen Revolution Movement adhered to since 2010?,9,political party,182
282,With what was the Citizen Revolution Movement affiliated in 2009?,PAIS Alliance,political party,182
283,What political arm has the biggest proportion of Citizen Revolution Movement representation?,The National Assembly,political party,182
284,Which nation does the Citizen Revolution Movement represent?,Ecuador,political party,182
285,How many years did it take from the founding of the party until it was formally registered?,6,political party,182
286,How many years did it take for the Citizen Revolution Movement to be registered after its founding?,6,political party,182
287,Did the Citizen Revolution Movement have fewer members in 2022 than 2009?,no,political party,182
288,How many years old is the Ba'ath Party?,75,political party,183
289,What percentage of the Council of Ministers is held by Ba'ath Party members?,90%,political party,183
290,Is membership in the Ba'ath Party increasing or decreasing?,Increasing,political party,183
291,How many years did it take for the Ba'ath Brigades to become the paramilitary wing of the Arab Socialist Ba'ath Party – Syria Region?,6,political party,183
292,How many people were involved in the founding of the Arab Socialist Ba'ath Party – Syria Region in 1947?,3,political party,183
293,How many years longer has the Arab Socialist Ba'ath Party existed than its paramilitary wing?,69,political party,183
294,What was the paramilitary wing of the Arab Socialist Ba'ath Party in 2014?,Ba'ath Brigades,political party,183
295,Did the Arab Socialist Ba'ath Party exist in 1950?,yes,political party,183
296,In how many months will the Arab Socialist Ba'ath Party celebrate its 76th anniversary?,4,political party,183
297,Could the founders of the Arab Socialist Ba'ath Party have been born within the last 70 years?,no,political party,184
298,Who did the United Sabah Party ally with in 2021?,Barisan Nasional,political party,184
299,What national affiliation did the United Sabah Party hold in 1995?,Gagasan Rakyat,political party,184
300,"If you subtract the number of United Sabah Party members in the Sabah State Legislative Assembly from the 2021 membership of the United Sabah Party, what is the resulting number?",449993,political party,184
301,How many years after Barisan Nasional was first part of the United Sabah Party did Gabungan Rakyat Sabah become regional allies of the United Sabah Party?,35,political party,184
302,What year did the United Sabah Party split from the Sabah People's United Front?,1985,political party,184
303,What is the total number of people if you add all the Chief Ministers of Malaysia to the Dewan Negara?,83,political party,184
304,"Assuming its political position has not changed since its founding, what political position did the United Sabah Party have in 2000?",Centre-right,political party,184
305,How long in years has the United Sabah Party been affilliated with Barisan Nasional?,21,political party,184
306,"What was the national affiliation of the League of Communists of Yugoslavia during the fourth year of its military wing, the Yugoslav Partisans?",People's Front,political party,185
307,How many years after its founding did the newspaper Borba start for the League of Communists of Yugoslavia?,3,political party,185
308,How many years after the last year of Cominform affiliation was the League of Communists of Yugoslavia dissolved?,42,political party,185
309,How many years after the founding of the League of Communists of Yugoslavia did its newspaper begin?,3,political party,185
310,How many years longer did the People's Front national affiliation last than the Cominform international affiliation?,8,political party,185
311,How many years after the Yugoslav Partisans ended was the League of Communists of Yugoslavia dissolved?,45,political party,185
312,What was the name of the newspaper of the League of Communists of Yugoslavia in 1940?,Borba,political party,185
313,What was the name of the military wing of the League of Communists of Yugoslavia in 1943?,Yugoslav Partisans,political party,185
314,How many years was the League of Communists of Yugoslavia active?,71,political party,185
315,"Which country won the gold on May 21, 2021?",Morocco,sports event,199
316,"Who won the Women's 63 kg at the 2021 African Judo Championships on May 21, 2021?",Sarah Harachi,sports event,199
317,How many days did the Women's 63 kg event at the 2021 African Judo Championships last?,1,sports event,199
318,How many years after the Women's 70 kg event at the 2021 European Judo Championships was Sofia the venue of the European Judo Championships?,1,sports event,200
319,What is the year difference between the Prague and Sofia Judo Championships?,2,sports event,200
320,What country was the previous European Judo Championships held in?,Czech Republic,sports event,200
321,How many days did the 2021 European Judo Championships last?,1,sports event,200
322,"What country won the silver on April 17th, 2021?",France,sports event,200
323,Where was the Women's 70 kg event held one year before the 2021 European Judo Championships?,Prague,sports event,200
324,Over how many days did the Elliot 6m event at the 2011 ISAF Sailing World Championships last?,14,sports event,201
325,How many years will Claire Leroy Elodie Bertrand Riou have to wait to try to win gold?,2,sports event,201
326,How many days before celebrating Christmas did Anna Tunnicliffe win the gold?,9,sports event,201
327,What country did the previous IBF World Championships take place?,Indonesia,sports event,202
328,Where will the next IBF World Championships take place?,Birmingham,sports event,202
329,"Which country won the gold on May 8, 1991?",China,sports event,202
330,Who won the gold medal in the Two-man at the IBSF World Championships 2 years before 2019?,Francesco Friedrich Thorsten Margis,sports event,203
331,How many years before the Königssee bobsleigh Two-man at the IBSF World Championships was a similar contest held?,1,sports event,203
332,How many years ago was the last IBSF World Championships?,1,sports event,203
333,How many more years until the next IBSF World Championships?,2,sports event,203
334,"What country won a silver medal on February 19, 2017, in the Two-man at the IBSF World Championships?",Canada,sports event,203
335,"How many years after the Königssee, Germany, IBSF World Championship did another contest take place?",2,sports event,203
336,What days did the Women's KL3 at the 2018 ICF Canoe Sprint World Championships take place?,August 22 and August 23,sports event,204
337,Who was the silver medalist in the 2018 Canoe Sprint World Championships?,Amanda Reynolds,sports event,204
338,How many Swedish medal winners were there in the 2018 ICF Canoe Sprint World Championships?,1,sports event,204
339,How many countries were represented on the medal stand at the 2003 IBF World Championships for Women's Singles?,2,sports event,205
340,"What type of medal did Gong Ruina win on August 3, 2003?",Silver,sports event,205
341,How often are the IBF World Championships held?,Every 2 years,sports event,205
342,How many days after the 2022 celebration ended did the 2023 celebration begin?,354,holiday,206
343,"Between 2021 and 2024, which year does Purim occur the earliest in the year?",2021,holiday,206
344,"Between 2021 and 2024, which year does Purim occur the latest in the year?",2024,holiday,206
345,"After 2024, what year after will the next celebration of Purim occur?",2025,holiday,206
346,In which months does Purim occur?,"February, March",holiday,206
347,How many hours does Purim last?,24,holiday,206
348,What is primarily celebrated during Purim?,Food and drink,holiday,206
349,How many months after the 2022 celebration is the 2024 celebration?,24,holiday,206
350,"Was Purim celebrated on the morning of March 16, 2022?",no,holiday,206
351,What are three traditions of Hanukkah?,"Lighting the Menorah, Playing Dreidel, Hanukkah Gelt",holiday,207
352,What's given on Hanukkah?,Hanukkahgelt,holiday,207
353,Over how many days does Hanukkah take place?,9,holiday,207
354,In which year does Hanukkah occur latest in the year?,2024,holiday,207
355,In which year does Hanukkah occur earliest in the year?,2021,holiday,207
356,How many days is Hanukkah celebrated?,9,holiday,207
357,Which date was the 28 Kislev of Hanukkah celebrated in 2023?,"December 10, 2023",holiday,207
358,How many months ago was 3 Tevet celebrated in 2021?,12,holiday,207
359,Is it OK to say Happy Hanukkah?,Yes,holiday,207
360,Yom Kippur can occur in which two months?,"September, October",holiday,208
361,"From 2021 to 2024, how many times will Yom Kippur occur in September?",2,holiday,208
362,How many days later did Yom Kippur start in 2022 compared to 2021?,19,holiday,208
363,On which day of Tishri does Yom Kippur take place?,10,holiday,208
364,What are the main observances of Yom Kippur?,Fasting prayer abstaining from physical pleasures refraining from work,holiday,208
365,Over how many days does Yom Kippur take place?,2,holiday,208
366,In what year does Yom Kippur occur the latest?,2024,holiday,208
367,In what year does Yom Kippur occur the earliest?,2021,holiday,208
368,What are Jews prohibited from doing during Yom Kippur?,"Eating, physical pleasures, and work",holiday,208
369,What prayer is recited on Yom Kippur?,Ne'ilah,holiday,208
370,What happens in the synagogue on Yom Kippur?,Praying,holiday,208
371,What is the significance of Yom Kippur?,"Atonement for personal sins, fate of each person is sealed for the upcoming year.",holiday,208
372,What color of lights illuminated San Francisco City Hall?,"Red, white, and blue",holiday,209
373,Where was the celebration for National Election Day in the United States?,San Francisco City Hall,holiday,209
374,What date was National Election Day celebrated in 2018?,"November 6, 2018",holiday,209
375,What date was the first Monday in November in 2018?,"November 5, 2018",holiday,209
376,What date is the second Tuesday after the first Monday of November in 2023?,"November 14, 2023",holiday,209
377,How many days are there between the dates of National Election Day in 2023 and 2024?,2,holiday,209
378,"What day of the week was November 1, 2021?",Monday,holiday,209
379,How many days apart were the National Election Days of 2021 and 2022?,6,holiday,209
380,By how many days did the National Election Day dates differ in 2022 and 2023?,1,holiday,209
381,On what date is the next New Year's Eve?,"December 31, 2022",holiday,210
382,How many days are there from Christmas to New Year's Eve?,6,holiday,210
383,How many days after New Year's Eve was Marguerite Martyn's sketch of a New Year's Eve celebration published?,4,holiday,210
384,How many Armenian churches observe Christmas in January?,3,holiday,211
385,How many days after December 25 does the Armenian Evangelical Church observe Christmas?,12,holiday,211
386,On how many different days do various churches celebrate Christmas?,4,holiday,211
387,Which church observes Christmas on the latest date in winter?,Armenian Patriarchate of Jerusalem,holiday,211
388,"Which churches celebrate Christmas on the earliest day of the calendar year, whether according to the Old Style (O.S.) calendar or not?","Armenian Apostolic Church, Armenian Evangelical Church",holiday,211
389,How many days apart do the Armenian Patriarchate of Jerusalem (non-O.S.) and the Armenian Apostolic Church celebrate Christmas?,13,holiday,211
390,How many days pass between Western Christianity's observance of Christmas and the Armenian Patriarchate of Jerusalem's observance?,25,holiday,211
391,Who celebrates Christmas last as an observance?,Armenian Patriarchate of Jerusalem,holiday,211
392,How many days are there between the Christmas celebration of Western Christianity and the most common Oriental Orthodox celebration date?,13,holiday,211
393,What year was Good Friday observed on April 2?,2021,holiday,212
394,On what month and day will Good Friday be observed in 2024 in the Eastern Hemisphere?,May 3,holiday,212
395,Over how many years have the Eastern and Western dates been 7 days apart?,2,holiday,212
396,How much longer in days is the time between the Western and Eastern dates in 2021 than in 2023?,21,holiday,212
397,How many days would separate Western and Eastern holiday dates if they occurred in the same year?,3,holiday,212
398,What year will Good Friday be observed on April 7?,2023,holiday,212
399,What month and day is one week before Halloween?,October 24,holiday,213
400,How many days are there between Halloween and Christmas for those who observe them?,55,holiday,213
401,"If October 23 was a Monday, what day of the week would Halloween be on?",Tuesday,holiday,213
402,On what date will Thanksgiving be in 2024?,"November 28, 2024",holiday,214
403,On what date was Thanksgiving in 2021?,"November 25, 2021",holiday,214
404,On what date will Thanksgiving be in 2023?,"November 23, 2023",holiday,214
405,"What day of the week was November 27, 2021?",Saturday,holiday,214
406,What is the difference in days between Black Friday in 2024 and 2022?,4,holiday,214
407,By how many days do the dates of Black Friday differ between 2021 and 2024?,3,holiday,214
408,By how many days did the Black Friday dates differ between 2022 and 2021?,1,holiday,214
409,What date did Thanksgiving fall on in 2021?,"November 25, 2021",holiday,214
410,What date will Thanksgiving fall on in 2023?,"November 23, 2023",holiday,214
411,What date is the third Sunday of May in 2022?,"May 15, 2022",holiday,215
412,Where can Mother's Day be found on the calendar?,The 2nd Sunday of May,holiday,215
413,How many times a year does Mother's Day occur?,1,holiday,215
414,What date did Mother's Day fall on in 2021?,"May 9, 2021",holiday,215
415,What day of the month is the third Sunday of May in 2024?,19,holiday,215
416,What day of the month is the first Sunday of May in 2023?,7,holiday,215
417,How many days after Dhanteras/Yama Deepam is Govardhan Puja/Balipratipada/Gujarati New Year?,3,holiday,216
418,How many days after Dhanteras/Yama Deepam is Bhai Dooj/Vishwakarma Puja?,4,holiday,216
419,What date is the Gujarati New Year in 2022?,"October 24, 2022",holiday,216
420,On which day of Diwali is Lakshmi Puja celebrated?,3,holiday,216
421,For how many days is Diwali celebrated?,5,holiday,216
422,How many days after Dhanteras is Govardhan Puja?,3,holiday,216
423,Is Naraka Chaturdashi 2 days before Govardhan Puja?,yes,holiday,216
424,How many days is Diwali celebrated in 2022?,5,holiday,216
425,How many days is the Deepavali festival celebrated in October?,5,holiday,216
426,"Other than in 2022, in what year are the Western and Eastern Easter dates one week apart?",2023,holiday,217
427,Over how many years is the Western Easter date in April?,3,holiday,217
428,How many days were there between the Western and Eastern Easter dates in 2022?,7,holiday,217
429,In which year between 2021 and 2024 was the Western Easter date the earliest?,2024,holiday,217
430,How many days apart were the Western and Eastern Easter dates in 2021?,28,holiday,217
431,How many more days were there between the Western and Eastern Easter dates in 2024 compared to 2022?,28,holiday,217
432,How many days did Mardi Gras last in 2022?,1,holiday,218
433,Which month was Mardi Gras celebrated in 2021?,February,holiday,218
434,In what year will Mardi Gras occur latest in the year?,2022,holiday,218
435,How many times per year is Mardi Gras celebrated?,1,holiday,218
436,How many days later did Mardi Gras start in 2022 compared to 2021?,13,holiday,218
437,What are the earliest and latest start dates of Mardi Gras from 2021 to 2024?,"February 13, March 1",holiday,218
438,How many holidays is Mardi Gras related to?,8,holiday,218
439,In what year will Mardi Gras happen earliest in the year?,2024,holiday,218
440,"Between 2021 and 2024, how many years does Mardi Gras take place in February?",3,holiday,218
441,What month and day was the 18th of Tishrei celebrated in 2021?,23-Sep,holiday,219
442,At what time of day does Sukkot officially start?,Sunset,holiday,219
443,"Between 2021 and 2024, which year does Sukkot occur earliest in the year?",2021,holiday,219
444,"Between 2021 and 2024, which year does Sukkot occur latest in the year?",2024,holiday,219
445,"Will the morning of October 16, 2024 be during Sukkot?",no,holiday,219
446,How many days does Sukkot last?,6,holiday,219
447,In which months does Sukkot occur?,"September, October",holiday,219
448,On what month and day was the 16th of Tishrei celebrated in 2022?,October 10,holiday,219
449,Which date will the 20th of Tishrei be celebrated in 2023?,"October 4, 2023",holiday,219
450,How many years passed between the HMS Montrose being ordered and commissioned?,6,ship,222
451,How many years passed from the ordering to the launching of HMS Montrose?,4,ship,222
452,How many years ago was HMS Montrose ordered?,34,ship,222
453,How many months did it take for HMS Montrose to be commissioned after its launch in 2005?,23,ship,222
454,How many months passed between HMS Montrose being laid down and launched in 2005?,32,ship,222
455,How many years after HMS Montrose was ordered in 2005 was it launched?,4,ship,222
456,How many years after HMS Montrose was ordered was it launched?,4,ship,222
457,How many decades separate the commissioning of HMS Montrose from its refit?,2,ship,222
458,What event took place during the same month but in a different year as when HMS Montrose was ordered?,Launched,ship,222
459,What is the middle month between when HMS Argyll was laid down and commissioned?,April,ship,223
460,How much longer in years was the LIFEX refit than the Major refit?,1,ship,223
461,How many years before the commissioning of HMS Argyll was it laid down?,4,ship,223
462,How many years after the ordering of HMS Argyll was it launched?,3,ship,223
463,"If you add the days of the month that the HMS Argyll was launched and laid down, what number would you get?",28,ship,223
464,How many years were there between when HMS Argyll was ordered and commissioned?,5,ship,223
465,How many months after being laid down was HMS Argyll commissioned?,50,ship,223
466,How many years after HMS Argyll was ordered was it launched?,2,ship,223
467,How many times was HMS Argyll refitted?,2,ship,223
468,How many years has HMS Astute been in service with the UK Navy?,26,ship,224
469,"Who built HMS Somerset, launched in 1994?",Yarrow Shipbuilders,ship,224
470,How many months after the ordering of HMS Somerset was it laid down?,9,ship,224
471,How many years did it take to build HMS Somerset?,2,ship,224
472,Which of HMS Somerset's refits occurred two decades after it was ordered?,Major,ship,224
473,How many years after being laid down did HMS Somerset launch?,2,ship,224
474,How many years did it take for HMS Somerset to be commissioned after being ordered?,4,ship,224
475,Who sponsored HMS Somerset in 1996?,Lady Layard,ship,224
476,How many years did it take for HMS Somerset to be commissioned after its launch?,2,ship,224
477,How old was Fernando Alonso in the year he won the Spanish Grand Prix?,32,f1,258
478,What is the sum of Fernando Alonso's two car numbers?,22,f1,258
479,How old was Fernando Alonso in the year he had his first entry?,20,f1,258
480,How old was Diaz in his first entry in his Formula One World Championship career?,20,f1,258
481,What year did Fernando Alonso enter the Australian Grand Prix?,2001,f1,258
482,In what other racing championships did Diaz debut during the year he debuted in his FIA World Endurance Championship career?,24 Hours of Le Mans career,f1,258
483,In which country was Fernando Alonso's first Grand Prix won?,Hungary,f1,258
484,What year was Fernando Alonso's last Grand Prix entry?,2022,f1,258
485,How many years were between Diaz's first win in the Formula One World Championships and his debut season in the FIA World Endurance Championship?,15,f1,258
486,How many years after Button's Formula One career began did he have his first win?,6,f1,259
487,What nationality is Jenson Button?,British,f1,259
488,What year did Jenson Button win his first championship?,2009,f1,259
489,How old was Jenson Button when he began his racing career?,20,f1,259
490,How many years did Jenson Button race?,17,f1,259
491,How old was Button when he began his Formula One career?,20,f1,259
492,How many years after Button's last win did he end his Formula One career?,5,f1,259
493,At what age did Jenson Button win his last Brazilian Grand Prix?,32,f1,259
494,At what age did Jenson Button win his first Hungarian Grand Prix?,26,f1,259
495,In what year was Jenson Button's last entry in the Formula One World Championship?,2017,f1,259
496,In what year did Jenson Button make his first entry in the Formula One World Championship?,2000,f1,259
497,How many years was Jenson Button active?,17,f1,259
498,At what age did Jenson Button become active in his career?,20,f1,259
499,How many championships did Jenson Button have?,1,f1,259
500,What was the first year Jenson Button was active?,2000,f1,259
501,At what age did Riccardo Patrese first win the Monaco Grand Prix?,28,f1,261
502,At what age did Riccardo Patrese start his career?,23,f1,261
503,How old was Riccardo Gabriele Patrese when he began his career?,23,f1,261
504,How many years was Riccardo Gabriele Patrese active?,16,f1,261
505,How old was Patrese when his career began?,23,f1,261
506,How many years after Patrese's first Formula One entry was his last win?,15,f1,261
507,How many years passed between Riccardo Gabriele Patrese's first and last entries?,16,f1,261
508,How many years passed between Riccardo Gabriele Patrese's first and last wins?,10,f1,261
509,How long did Riccardo Gabriele Patrese compete?,16,f1,261
510,How many years before his career ended was Patrese's first win?,11,f1,261
511,In what year did Riccardo Gabriele Patrese compete in the Japanese Grand Prix?,1992,f1,261
512,At what age did Riccardo Patrese win the Japanese Grand Prix?,38,f1,261
513,How old was Sebastian Vettel when he won the Italian Grand Prix?,21,f1,262
514,How old was Sebastian Vettel when he won the United States Grand Prix?,20,f1,262
515,How many years ago did Sebastian Vettel last win?,3,f1,262
516,How many years ago did Sebastian Vettel last win?,35,f1,262
517,At what age did Sebastian Vettel win his last race at the Singapore Grand Prix?,32,f1,262
518,How old was Sebastian Vettel when he first entered the 2007 United States Grand Prix?,20,f1,262
519,How many championships did Sebastian Vettel win starting from 2011?,3,f1,262
520,In what country did Sebastian Vettel win a Grand Prix in 2019?,Singapore,f1,262
521,At what age did Sebastian Vettel win his first Italian Grand Prix?,21,f1,262
522,How many times did Sebastian Vettel not start a race?,1,f1,262
523,How many years passed between Sebastian Vettel's first and last entries?,15,f1,262
524,How old was Sebastian Vettel in the year he won his first championship?,23,f1,262
525,"Which is greater, the number of Kimi Räikkönen's teams or the number of his engines?",teams,f1,344
526,At what age did Kimi Räikkönen win his first Formula One World Championship?,24,f1,344
527,How old was Räikkönen when he began his Formula One career?,22,f1,344
528,How many years were between Räikkönen's first Formula One win and his first World Rally Championship rally?,6,f1,344
529,How much longer in years was Räikkönen active in Formula One than in the World Rally Championship?,15,f1,344
530,What year did Kimi Räikkönen marry Jenni Dahlman?,2004,f1,344
531,At what age did Kimi Räikkönen get divorced?,35,f1,344
532,How many years after Kimi Räikkönen's debut did he achieve his first win?,2,f1,344
533,How old was Kimi Räikkönen when he started competing in 2001?,22,f1,344
534,"Which is greater, the number of Kimi Räikkönen's children or his stage wins?",children,f1,344
535,At what age did Kimi Räikkönen enter his first Formula One World Championship?,22,f1,344
536,How many total years did Kimi Räikkönen compete?,17,f1,344
537,How old was Michael Schumacher when he won his last championship in 2004?,35,f1,345
538,How many total years was Michael Schumacher active in his career?,17,f1,345
539,In what country did Michael Schumacher make his final entry in 2012?,Brazil,f1,345
540,In what country did Michael Schumacher make his debut in 1991?,Belgium,f1,345
541,How many engines did Michael Schumacher use?,4,f1,345
542,How many championships does Michael Schumacher have?,7,f1,345
543,How many teams has Michael Schumacher been in?,4,f1,345
544,How many total wins did Michael Schumacher achieve in his career?,91,f1,345
545,What year did Michael Schumacher win his first championship?,1994,f1,345
546,How many days after launch did the ExoMars perform orbital insertion?,219,orbitor,461
547,How many months were left in the ExoMars mission as planned?,9,orbitor,461
548,How many more months is the ExoMars mission planned to last?,9,orbitor,461
549,How many months after launch was the Mars orbiter insertion for ExoMars?,7,orbitor,461
550,What year is the ExoMars mission planned to end?,2023,orbitor,461
551,For how many years was ExoMars launched?,6,orbitor,461
552,How much longer in years did Yamamoto play for Kamatamare Sanuki compared to Mito HollyHock?,3,boxing,484
553,How old was Yamamoto when his youth career ended?,18,boxing,484
554,How many total years did Yamamoto play in his senior career?,17,boxing,484
555,What year did Shohei Yamamoto begin playing for Mito Hollyhock?,2002,boxing,484
556,For how many years did Shohei Yamamoto play in the senior division?,18,boxing,484
557,When was the last year that Shohei Yamamoto played in the senior division?,2018,boxing,484
558,What was the first team that Shohei Yamamoto played for in his senior career?,Kyoto Purple Sanga,boxing,484
559,How many years after playing for Kyoto Purple Sanga did Yamamoto play for Ococias Kyoto AC?,17,boxing,484
560,How long in years did Shohei Yamamoto's youth career last?,5,boxing,484
561,Which team did Pillay play for in his senior career when he won silver at the Hiroshima Asia Cup?,Selangor HA,hockey,485
562,How many years were between Pillay's gold medal at the Championship Challenge and his gold at the Asian Games?,3,hockey,485
563,At what age did Dhanraj Pillay play for Indian Gymkhana?,24,hockey,485
564,At what age did Dhanraj Pillay compete in his first Asian Games?,22,hockey,485
565,At what age did Dhanraj Pillay join the National team?,21,hockey,485
566,For how many years did Dhanraj Pillay play for the national side?,15,hockey,485
567,How long did Dhanraj Pillay play for Selangor HA?,3,hockey,485
568,How many years elapsed from when Dhanraj Pillay won his first medal in Kuala Lumpur to his last in Kuala Lumpur?,4,hockey,485
569,Which competition awarded Dhanraj Pillay his only bronze medal?,Asia Cup,hockey,485
570,Which team did Dhanraj Pillay play for the longest?,Selangor HA,hockey,485
571,How many Asian Games did Dhanraj Pillay participate in?,4,hockey,485
572,How old was Pillay when he began his senior career?,24,hockey,485
573,How many Asia Cup games did Gagan Ajit Singh compete in?,2,hockey,486
574,At what age did Gagan Ajit Singh win a medal at the Asian Games?,22,hockey,486
575,How old was Gagan Ajit Singh when he began his senior career?,25,hockey,486
576,How many years after Gagan Ajit Singh began playing for the national team did he win a medal at Hobart?,4,hockey,486
577,How many cities did Gagan Ajit Singh medal at in 2001?,2,hockey,486
578,In what year did Singh win the most gold medals in international competition?,2001,hockey,486
579,How many years before Singh played for HC Klein Zwitserland did he play for the Indian national team?,8,hockey,486
580,How old was Singh when he won gold in the Asia Cup?,23,hockey,486
581,At what age did Gagan Ajit Singh win a medal at the Champions Challenge?,21,hockey,486
582,How many years did Dhyan Chand serve in the army?,34,hockey,524
583,Over how many years was Dhyan Chand on a senior career team?,4,hockey,524
584,How many gold medals did Dhyan Chand win in the Olympics?,3,hockey,524
585,How old was Dhyan Chand when he won his first gold medal at the 1928 Olympics?,23,hockey,524
586,How old was Dhyan Chand when he won his final gold medal at the 1936 Olympic Games?,31,hockey,524
587,How many gold medals did Dhyan Chand win while playing for British India?,3,hockey,524
588,How many years after Dhyan Chand's hockey career ended did his military career end?,7,hockey,524
589,How many years after Dhyan Chand joined the military did his hockey career begin?,4,hockey,524
590,How many gold medals did Dhyan Chand's hockey team win?,3,hockey,524
591,How many years did Sachin Tendulkar play for the national side?,24,cricket,526
592,How old was Sachin Tendulkar when he played his last one-day match?,39,cricket,526
593,How many ODI matches did Sachin Tendulkar play?,463,cricket,526
594,How long in years was Sachin Tendulkar a part of the national side?,24,cricket,526
595,How long in years was Sachin Tendulkar a member of parliament?,6,cricket,526
596,How long in years did Sachin Tendulkar play for Mumbai?,25,cricket,526
597,How many 10-wicket hauls does Sachin Tendulkar have in matches?,0,cricket,526
598,Who did Sachin Tendulkar play for in 1992?,Yorkshire,cricket,526
599,How old was Sachin Tendulkar when he joined team Mumbai?,15,cricket,526
600,How old was Bradman during his Test debut?,20,cricket,527
601,How many years after his last Test did Bradman die?,53,cricket,527
602,At what age did Don Bradman play his last Test?,40,cricket,527
603,How many years did Don Bradman play for the national side?,20,cricket,527
604,How old was Don Bradman when he made his first Test debut?,20,cricket,527
605,At what age did Don Bradman join his second domestic team?,27,cricket,527
606,How many years after Don Bradman's last Test was his death?,52,cricket,527
607,How old was Don Bradman when he made his international Test debut?,20,cricket,527
608,How old was Don Bradman during the year of his last international Test?,40,cricket,527
609,Which domestic team did Don Bradman play for when he turned 30?,South Australia,cricket,527
610,Which domestic team did Bradman play for during his Test debut?,New South Wales,cricket,527
611,At what age did Don Bradman play for the national side?,20,cricket,527
612,How old was Brian Lara when he first played for Team Trinidad and Tobago?,18,cricket,528
613,What year did Brian Lara join Team Transvaal?,1992,cricket,528
614,How many years after joining the international team did Brian Lara join the domestic Warwickshire team?,4,cricket,528
615,How old was Brian Lara when he joined the West Indies international team?,21,cricket,528
616,Against which country was Brian Lara's Test debut in 1990?,Pakistan,cricket,528
617,At what age did Brian Lara play his last ODI?,37,cricket,528
618,At what age did Brian Lara play for Southern Rocks?,41,cricket,528
619,How many years did Brian Lara play for Team Trinidad and Tobago?,21,cricket,528
620,How many domestic teams did Brian Lara play on in 1995?,2,cricket,528
621,What professional team was Eddy Merckx on when he won gold at the World Championships in Heerlen?,Peugeot–BP–Michelin,cycling,635
622,How old was Eddy Merckx when he joined his first professional team?,20,cycling,635
623,What was the color of the medal in all of Eddy Merckx's World Championship wins?,Gold,cycling,635
624,At what age did Eddy Merckx last win 34 individual stages at the Tour de France?,30,cycling,635
625,At what age did Eddy Merckx win gold at the 1964 World Championships?,19,cycling,635
626,What year did Eddy Merckx win his first gold at the World Championships?,1964,cycling,635
627,How old was Eddy Merckx when he started his professional career?,20,cycling,635
628,What year did Eddy Merckx go professional?,1965,cycling,635
629,How many years elapsed between Merckx's first General Classification win and his last Combination Classification win at the Tour de France?,5,cycling,635
630,What discipline did Jacques Anquetil participate in?,Road and track,cycling,636
631,What was the first professional team Jacques Anquetil joined?,La Perle,cycling,636
632,How many times did Jacques Anquetil participate in the stage race Paris-Nice?,5,cycling,636
633,How old was Jacques Anquetil when he began riding professionally?,19,cycling,636
634,What year did Jacques Anquetil begin riding professionally?,1953,cycling,636
635,What medal did Jacques Anquetil win at the 1952 Helsinki Olympics?,Bronze,cycling,636
636,What is the first word on Jacques Anquetil's shirt?,FORD,cycling,636
637,How old was Jacques Anquetil the year he medaled in Helsinki?,18,cycling,636
638,In how many cities did Jacques Anquetil medal?,2,cycling,636
639,How many years are between Jacques Anquetil's first and last medal wins?,14,cycling,636
640,How many years ago did Jacques Anquetil die?,35,cycling,636
641,Which professional team did Jacques Anquetil represent in 1968?,Bic–Hutchinson,cycling,636
642,At what age did Roger De Vlaeminck win the Vuelta a España in 1984?,37,cycling,637
643,How many medals did Roger De Vlaeminck win in World Championships starting in 1974?,1,cycling,637
644,What year did Roger De Vlaeminck win the gold medal at the World Championships?,1975,cycling,637
645,How old was Roger De Vlaeminck when he won the Tour de France in 1970?,23,cycling,637
646,At what age did Roger De Vlaeminck win the Vuelta a España?,37,cycling,637
647,What team did Roger De Vlaeminck represent five years after leaving Dreher?,Brooklyn,cycling,637
648,At what age did Roger De Vlaeminck win his first World Championships gold medal?,28,cycling,637
649,Which professional team did Roger De Vlaeminck join in 1975?,Brooklyn,cycling,637
650,In which year did Roger De Vlaeminck win a silver medal in the World Championships?,1975,cycling,637
651,What medal did Chris Ciriello win in the 2014 World Cup?,Gold,hockey,670
652,What medal did Chris Ciriello win at the 2012 London Olympics?,Bronze,hockey,670
653,How old was Chris Ciriello when he married Heidi Ciriello?,25,hockey,670
654,During what year did Ciriello win the most overall gold medals?,2014,hockey,670
655,What team did Ciriello play for in the year he won the bronze at the London Olympics?,Punjab Warriors,hockey,670
656,How many times was Chris Ciriello married before he joined the Punjab Warriors?,1,hockey,670
657,How many Champions Trophies had Chris Ciriello won before winning an Olympic medal?,1,hockey,670
658,How many Commonwealth Games medals did Chris Ciriello win after winning an Olympic medal?,1,hockey,670
659,How old was Chris Ciriello during the 2012 London Olympics?,27,hockey,670
660,What was the last year Jorge Lombi won a gold medal at the Pan American Games?,2007,hockey,680
661,How old was Lombi when he won gold at the Pan American Games?,24,hockey,680
662,In what year did Lombi win the most gold medals?,2007,hockey,680
663,How many years were between Lombi'''s gold medals in Alexandria and Mar del Plata?,10,hockey,680
664,How many gold medals did Jorge Lombi win in 2007?,2,hockey,680
665,How old was Jorge Lombi when he won a Champions Challenge bronze medal?,30,hockey,680
666,How old was Jorge Lombi when he won at the 1995 Pan American Games?,24,hockey,680
667,In what year did Jorge Lombi win a silver medal at the Pan American Games?,1999,hockey,680
668,How many more Pan American Games gold medals does Jorge Lombi have than Champions Challenge gold medals?,1,hockey,680
669,How many gold medals has Luke Doerner earned?,7,hockey,686
670,How many medals did Luke Doerner win in 2008?,2,hockey,686
671,In what year was his first medal?,2005,hockey,686
672,In which year did Luke Doerner compete in the Olympic Games?,2008,hockey,686
673,How many gold medals has Luke Doerner earned in Melbourne?,2,hockey,686
674,What year did Luke Doerner win gold at the World Cup?,2010,hockey,686
675,How many medals did Luke Doerner win in 2010?,2,hockey,686
676,Where did Luke Doerner win a gold medal at the 2006 Commonwealth Games?,Melborne,hockey,686
677,How many more silver medals than bronze has Luke Doerner earned?,1,hockey,686
678,How many years after the operation of Fatah ended did Iraq remain an ally?,5,terrorist orgnization,711
679,Which country was an opponent during the time period of Fatah – The Revolutionary Council?,Israel,terrorist orgnization,711
680,Over how many years was Iraq an ally of Fatah – The Revolutionary Council?,17,terrorist orgnization,711
681,Who were the allies of Fatah – The Revolutionary Council in two separate time periods?,Iraq,terrorist orgnization,711
682,How many years after the operation of Fatah began did Syria become an ally?,5,terrorist orgnization,711
683,How much longer in years was Iraq an ally than Libya during the '70s?,4,terrorist orgnization,711
684,How many years ago did the Liberation Tigers of Tamil Eelam start?,46,terrorist orgnization,712
685,How many years ago were the Liberation Tigers of Tamil Eelam defeated?,13,terrorist orgnization,712
686,How many years were the Liberation Tigers of Tamil Eelam active in Sri Lanka?,33,terrorist orgnization,712
687,How many years after the Islamic Republican Party was formed was it dissolved?,8,political party,930
688,How many years after the Islamic Republican Party was formed did it become part of the Grand Coalition?,1,political party,930
689,How many coalitions was the Islamic Republican Party a part of in 1979?,1,political party,930
690,What was the national affiliation the year the party was founded?,Islamic Coalition,political party,930
691,How many days after the Islamic Republican Party was dissolved?,3026,political party,930
692,How many years after the Islamic Republican Party was founded did the Grand Coalition become the national affiliation?,1,political party,930
693,How many years after the Islamic Coalition was the party dissolved?,8,political party,930
694,How many years ago was the Islamic Republican Party founded?,43,political party,930
695,How many years after the Islamic Republican Party was founded was the Grand Coalition the national affiliation?,1,political party,930
696,How many years ago was the Indian National Congress established?,136,political party,931
697,How many states and union territories were not governed by the Indian National Congress in 2022?,26,political party,931
698,How many total seats did the Indian National Congress have in the Lok Sabha and Rajya Sabha in 2022?,89,political party,931
699,How many seats do the Rajya Sabha and Lok Sabha have combined in 2022?,89,political party,931
700,How many years ago was the Indian National Congress founded?,137,political party,931
701,How many ideologies were there in the Indian National Congress in 2022?,4,political party,931
702,How many years after being founded as Birlik was the political party founded as Ada?,7,political party,932
703,How many years was there between the founding of Birlik and the dissolution of Adal?,9,political party,932
704,How many years had Adal been known as Birlik before it changed its name in 2020?,7,political party,932
705,How many years after its initial founding as Birlik was Adal dissolved?,9,political party,932
706,How many years after being refounded was it dissolved?,2,political party,932
707,What was the original name of Adal when it was founded in 2013?,Birlik,political party,932
708,How long in months did it last as Adal?,17,political party,932
709,What name was Adal known by in 2017?,Birlik,political party,932
710,Who was the Chairman of Adal before April of 2022?,Serik Sultangali,political party,932
711,How many years old was the Communist Party of the Soviet Union when it had over 19 million members?,71,political party,933
712,How many years old was the Communist Party of the Soviet Union when it became affiliated with Comintern?,1,political party,933
713,How many years old was the Communist Party of the Soviet Union when it stopped being affiliated with Cominform?,38,political party,933
714,On what date was the Communist Party of the Soviet Union founded?,"March 8, 2018",political party,933
715,What was the international affiliation the year after the party was founded?,Comintern,political party,933
716,How much longer in years was Bloc of Communists and Non-Partisans the national affiliation than Cominform was the international affiliation?,45,political party,933
717,On what date did the Communist Party of the Soviet Union end?,"November 6, 1991",political party,933
718,How many members did the Young Pioneers have in 1989?,19487822,political party,933
719,How many years after the party was founded did Bloc of Communists and Non-Partisans become the national affiliation?,18,political party,933
720,Who founded the Communist Party of the Soviet Union in 1918?,Vladimir Lenin,political party,933
721,How many years ago was the Communist Party of the Soviet Union banned?,31,political party,933
722,How many years was the Comintern organization in Russia?,24,political party,933
723,How many days after forming did it take for Hurricane Gaston to dissipate?,7,cyclone,957
724,Over how many months did Hurricane Gaston exist?,2,cyclone,957
725,For how many days was Hurricane Gaston over the water?,3,cyclone,957
726,After what date was Hurricane Gaston on land?,"August 29, 2004",cyclone,957
727,What year did Hurricane Gaston form?,2004,cyclone,957
728,What hurricane season did Hurricane Gaston form?,2004,cyclone,957
729,How many days did Hurricane Ivan last as a storm?,23,cyclone,958
730,Did the lowest pressure occur during September 2004?,yes,cyclone,958
731,How many months ago did Hurricane Ivan exist?,219,cyclone,958
732,How many days after formation did Hurricane Ivan reach peak intensity?,11,cyclone,958
733,Was the United States affected by the hurricane?,yes,cyclone,958
734,What was the cost of the hurricane damage in dollars?,26.1 billion,cyclone,958
735,Which year did the hurricane start?,2004,cyclone,958
736,How many areas did Ivan hit on its path?,11,cyclone,958
737,How many people died from causes related to Ivan?,124,cyclone,958
738,What category was Hurricane Ivan?,5,cyclone,958
739,On which date did Hurricane Ivan reach peak intensity in the Yucatán Channel?,"September 13, 2004",cyclone,958
740,What category was Hurricane Ivan?,5,cyclone,958
741,How many years did the Second Liberation Army exist?,8,proxy war,974
742,How many years did the Chadian Civil War last?,14,proxy war,974
743,How many years had the Chadian Civil War been ongoing when François Tombalbaye was overthrown and killed in 1975?,10,proxy war,974
744,How many years had the Chadian Civil War been ongoing when Félix Malloum was overthrown in 1979?,14,proxy war,974
745,How many years did the Chadian Civil War last?,14,proxy war,974
746,Who were the belligerents in the Chadian Civil War in 1970?,Second Liberation Army,proxy war,974
747,Who was the leader of Libya in 1971 when supporting the Chadian Civil War?,Muammar al-Gaddafi,proxy war,974
748,How many years did the civil war in Chad last?,14,proxy war,974
749,How many years before the end of the war was the Third Liberation Army formed?,11,proxy war,974
750,How many years longer was GUNT part of the Pro-Libyan Chadian faction than Codos?,4,proxy war,975
751,How many years before the end of the war did DR Sudan end its support?,2,proxy war,975
752,How many years after FAT was GUNT an Anti-Libyan Chadian faction?,7,proxy war,975
753,How many years was Codos involved in the Chadian-Libyan conflict?,3,proxy war,975
754,Which belligerent was part of the Anti-Libyan Chadian faction for the longest time?,FAN,proxy war,975
755,How many years did DR Sudan support the Chadian–Libyan conflict?,7,proxy war,975
756,How many years before the war ended did the Republic of the Congo stop being a belligerent?,2,proxy war,978
757,How many years longer was Katanga a belligerent than Kwilu and Simba rebels?,2,proxy war,978
758,How many years after the start of the war did the United States become a belligerent?,4,proxy war,978
759,How many years longer was the command of Abdul Salam Arif than Abdul Rahman Arif's?,1,proxy war,981
760,How many years after the beginning the war did the Soviet Union end its non-combat aid?,3,proxy war,981
761,How many years before the war began did Abdul Karim Qasim become a leader?,3,proxy war,981
762,Who was the longest tenured leader or commander of Ba'athist Iraq?,Abdul salam Arif,proxy war,981
763,Who was the first commander of KDP after 1964?,Ali Askari,proxy war,981
764,Who was the commander of the First Kurdish–Iraqi War in 1960?,Abdul Karim Qasim,proxy war,981
765,How many Iraqi soldiers were killed in the First Kurdish–Iraqi War held between 1961-1970?,10000,proxy war,981
766,How many years was Ahmed Hassan al-Bakr a leader and commander of Ba'athist Iraq?,1,proxy war,981
767,Where was the First Kurdish–Iraqi War held in 1965?,Iraqi Kurdistan,proxy war,981
768,How many years did the First Sudanese Civil War last?,16,proxy war,982
769,How many years have passed since the First Sudanese Civil War ended?,50,proxy war,982
770,How many years before the war ended did the Republic of the Sudan stop being a belligerent?,3,proxy war,982
771,How many years after the beginning of the war did the Sudanese Armed Forces reach their greatest strength?,16,proxy war,982
772,What country became a belligerent the same year the Democratic Republic stopped?,Israel,proxy war,982
773,How many years has it been since the First Sudanese Civil War began?,67,proxy war,982
774,How many years longer was Neo Hom a belligerent than the Party of Democratic Kampuchea?,17,proxy war,987
775,How many years after the insurgency began did Russia cease being a belligerent?,14,proxy war,987
776,How long in years did the USA support the Insurgency in Laos starting from 1975?,15,proxy war,987
777,How many years has it been since the Insurgency in Laos?,47,proxy war,987
778,How many years did Neo Hom support belligerents in the Insurgency in Laos?,26,proxy war,987
779,What was the status of the Insurgency in Laos in 2020?,Hmong-led coup attempt against the Lao government foiled; alleged plotters tried and exonerated in the U.S.,proxy war,987
780,Did the US support belligerents during the Hmong-led coup attempt against the Lao government?,No,proxy war,987
781,How many years ago did the Insurgency in Laos start?,47,proxy war,987
782,How many years after the start of the insurgency did Vietnam begin its support for Laos?,1,proxy war,987
783,How many more years did the Malayan Emergency last after the independence of the Federation of Malaya?,3,proxy war,997
784,How many more years did Winston Churchill serve as a leader than Harold Macmillan?,1,proxy war,997
785,How many years before the end of the emergency did Southern Rhodesia cease being a belligerent?,7,proxy war,997
786,How many years after the Malayan Emergency began did Clement Attlee become a leader?,3,proxy war,997
787,Who was the President of the United States when the Malayan Emergency began?,Harry S. Truman,proxy war,997
788,Who was the Prime Minister of Great Britain when the Malayan Emergency ended?,Harold Macmillan,proxy war,997
789,How many leaders or commanders ended their role in the year the war ended?,2,proxy war,1000
790,How many more years was Arnaldo Schulz a leader or commander than Filipe Samuel Magaia?,2,proxy war,1000
791,How many years after the war started did Francisco da Costa Gomes become a leader or commander?,9,proxy war,1000
792,What was the strength of the Rhodesian police reservists during the last year of the war?,19000,proxy war,1001
793,How many years before the war ended did Southern Rhodesia cease being a belligerent?,14,proxy war,1001
794,How many more years was Rhodesia a belligerent than FROLIZI?,13,proxy war,1001
795,Which belligerent became involved the same year that the murder of Aldo Moro occurred?,Third Position,proxy war,1020
796,What was the second-to-last name of the far-left terrorists opposing the Italian government during the Years of Lead?,Worker's Power,proxy war,1020
797,How long in years did the Years of Lead last in Italy?,26,proxy war,1020
798,What event killed 85 people in 1980?,Bombing,proxy war,1020
799,How many far-right terrorist groups were active in 1975?,2,proxy war,1020
800,How many years had the New Order been fighting when the National Vanguard joined?,3,proxy war,1020
801,"Which came first, the collapse of popular support for the Red Brigades or the dismantling of the main far-right terrorist groups?",collapse of popular support for the Red Brigades,proxy war,1020
802,How many years after the Years of Lead began did the Bologna massacre occur?,12,proxy war,1020
803,How many years longer were the Red Brigades belligerents than the Workers' Autonomy?,12,proxy war,1020
804,On what date did the 1983 IBF World Championships end?,"May 8, 1983",sports event,1030
805,What was the start date of the 1983 IBF World Championships?,"May 2, 1983",sports event,1030
806,How many years after Copenhagen were the IBF World Championships in Calgary?,2,sports event,1030
807,How many years after Jakarta were the IBF World Championships in Copenhagen?,3,sports event,1030
808,Which country did the silver medalists Park Joo-bong and Lee Eun-ku represent in Men's doubles at the 1983 IBF World Championships?,South Korea,sports event,1030
809,Over how many days did the Men's doubles at the 1983 IBF World Championships last?,7,sports event,1030
810,Who won the gold medal in Men's doubles at the 1983 IBF World Championships?,"Steen Fladberg, Jesper Helledie",sports event,1030
811,Over how many days did the 1983 IBF World Championships take place?,7,sports event,1030
812,How many medals did the host country win in 1983?,1,sports event,1030
813,How many nations left without a medal from the 2016 FINA World Swimming Championships (25 m)?,44,sports event,1031
814,How many medal winners in the Women's 100 metre breaststroke at the 2016 FINA World Swimming Championships (25 m) came from the same country as another medal winner?,2,sports event,1031
815,"Given she swam 4 laps, what was the average number of seconds it took Alia Atkinson to swim a lap, rounded to the nearest integer?",16,sports event,1031
816,Who won the gold medal in women's 100 metre breaststroke at the 2016 FINA World Swimming Championships?,Alia Atkinson,sports event,1031
817,Where were the 2016 FINA World Swimming Championships held?,WFCU Centre,sports event,1031
818,"Over how many days did the heats, semifinals, and finals of the women's 100 metre breaststroke last at the 2016 FINA World Swimming Championships?",2,sports event,1031
819,What is the number of years between the previous and next FINA World Swimming Championships?,4,sports event,1031
820,How many days earlier was the heat from the final in the women's 100 metre breaststroke at the 2016 FINA World Swimming Championships?,1,sports event,1031
821,How many competitors participated in Women's 100 metre breaststroke at the 2016 FINA World Swimming Championships?,60,sports event,1031
822,How many days before the finals were the semifinals?,1,sports event,1032
823,How many days after the heats and semifinals did the finals occur?,1,sports event,1032
824,Which country did bronze medalist Sydney Pickrem represent in the 2019 World Aquatics Championships?,Canada,sports event,1032
825,How many more competitors were there than nations participating?,7,sports event,1032
826,How many days were there between the semifinals and finals at the 2019 World Aquatics Championships?,1,sports event,1032
827,Who won the gold medal in the Women's 200 metre breaststroke at the 2019 World Aquatics Championships?,Yuliya Yefimova,sports event,1032
828,How many medals did the host country win in the Women's 200 metre breaststroke at the 2019 World Aquatics Championships?,0,sports event,1032
829,On what date did the heats of the Women's 200 metre breaststroke take place at the 2019 World Aquatics Championships?,"July 25, 2019",sports event,1032
830,On what date did the finals of the Women's 200 metre breaststroke take place at the 2019 World Aquatics Championships?,"July 26, 2019",sports event,1032
831,"What country was the gold medalist from on July 26th, 2019?",Russia,sports event,1032
832,How many years before the 2019 World Aquatics Championships did the previous World Aquatics Championships occur?,2,sports event,1032
833,How many years after the 2019 event in South Korea did the World Aquatics Championships occur again?,3,sports event,1032
834,Over how many days did the 1995 Atlantic hurricane season last?,153,cyclone,1089
835,Did the 1995 Atlantic hurricane season average at least a hurricane per month?,yes,cyclone,1089
836,How many total storms formed during the 1995 Atlantic hurricane season?,19,cyclone,1089
837,What month did the first storm system form during the 1995 Atlantic hurricane season?,June,cyclone,1089
838,How many hurricanes formed during the 1995 Atlantic hurricane season?,11,cyclone,1089
839,What was the average daily damage in dollars caused by the 1995 Atlantic hurricane season?,0.058 billion,cyclone,1089
840,How long in months did the 2002 Atlantic hurricane season last?,3,cyclone,1090
841,"On average, how many hurricanes were there per month, rounded to the nearest integer?",1,cyclone,1090
842,How many people died between February and November 2002 due to an Atlantic hurricane?,50,cyclone,1090
843,How long in days did the 2022 Atlantic hurricane season last?,94,cyclone,1090
844,Did Hurricane Isidore form in November 2022?,no,cyclone,1090
845,How many months ago did the last system dissipate in 2002?,242,cyclone,1090
846,How many years ago was the 2002 Atlantic hurricane season?,20,cyclone,1090
847,How many tropical depressions did not turn into major hurricanes during the 2002 Atlantic hurricane season?,12,cyclone,1090
848,How many hurricanes during the 2002 Atlantic hurricane season did not reach Category 3 status?,2,cyclone,1090
849,"When the total number of depressions was 31, what was the total number of storms?",28,cyclone,1091
850,What is the first year after 2005 with at least 31 total depressions?,2020,cyclone,1091
851,What was the lowest pressure in Hurricane Wilma in mbar?,882,cyclone,1091
852,How many minutes were the maximum winds of Hurricane Wilma sustained?,1,cyclone,1091
853,"What year was the worst Atlantic hurricane season, in terms of the number of hurricanes?",2005,cyclone,1091
854,How long in months did the 2005 Atlantic hurricane season last?,7,cyclone,1091
855,How many months ago did the first system form in 2005?,210,cyclone,1091
856,Were there any Atlantic hurricane seasons after 2006 with at least 15 hurricanes?,no,cyclone,1091
857,How many tropical depressions did not turn into hurricanes in the 2005 Atlantic hurricane season?,16,cyclone,1091
858,What is the first year after 2005 with at least 31 total depressions?,2020,cyclone,1091
859,What year had the most Atlantic hurricanes?,2005,cyclone,1091
860,Over how many days did the 2005 Atlantic hurricane season last?,213,cyclone,1091
861,How many hurricanes during the 2005 Atlantic hurricane season did not turn into major hurricanes?,8,cyclone,1091
862,"On average, how many major hurricanes were there per month during the 2005 Atlantic hurricane season, rounded to the nearest integer?",1,cyclone,1091
863,How many Atlantic hurricane seasons between 2006 and 2016 recorded at least 7 major hurricanes?,0,cyclone,1091
864,How many months after the order was the Tonnerre laid down?,5,ship,1110
865,What was the fate of the Tonnerre a year after it was launched?,Burned and exploded,ship,1110
866,How many years passed between the laying down and the launch of the Tonnerre?,14,ship,1110
867,When did the Tonnerre receive a name change?,1795,ship,1110
868,How many years did the Tonnerre sail before it was burned down?,1,ship,1110
869,What was the name of the Tonnerre a year after being laid down?,Quatorze Juillet,ship,1110
870,How long after the Tonnerre was ordered was it commissioned?,14,ship,1110
871,Was the Tonnerre destroyed more or less than a year after being commissioned?,less,ship,1110
872,How many years elapsed between the laying down and the launching of the Tonnerre?,14,ship,1110
873,How many months elapsed between the laying down and the launching of the Maori?,14,ship,1111
874,What happened to the Maori a little after three years after it was commissioned?,Sunk by aircraft,ship,1111
875,On what date was the Maori Underway completed?,"November 30, 1938",ship,1111
876,On what date was the Maori Underway launched?,"September 2, 1937",ship,1111
877,How many days after being completed was the Maori commissioned?,5,ship,1111
878,How many months after being ordered was the Maori laid down?,4,ship,1111
879,How many days after being launched was the Maori commissioned?,459,ship,1111
880,How many years after being launched was the Maori Underway completed?,1,ship,1111
881,On what date was the Maori Underway laid down?,"July 6, 1936",ship,1111
882,What happened to the I-179 ship 15 years after it was launched?,Salvaged and scrapped,ship,1112
883,How many years ago was the sister ship I-176 salvaged and scrapped?,65,ship,1112
884,How many years after being laid down was the I-179 completed?,2,ship,1112
885,How many years after sinking was the I-179 salvaged?,14,ship,1112
886,How many months did the I-179 last after being completed?,13,ship,1112
887,What was the fate of the I-179 just a month after it was completed?,Sunk during sea trials,ship,1112
888,How many years after the I-179 was laid down was it completed?,2,ship,1112
889,How many days before D-Day was the I-179 sunk?,328,ship,1112
890,What was the name of the sister ship I-176 in 1942?,I-179,ship,1112
891,How many days after being launched was the sister ship I-176 sunk in 1942?,363,ship,1112
892,How many years after the I-179 was stricken was it scrapped?,13,ship,1112
893,What happened to the I-179 one year later in the same month that it was launched?,Sunk during sea trials,ship,1112
894,How many years after being ordered was the HMS Astute laid down?,4,ship,1114
895,How many years after the HMS Astute was ordered was the picture taken?,15,ship,1114
896,How many years after being laid down was the HMS Astute launched?,6,ship,1114
897,How much greater is the capacity compared to the complement?,11,ship,1114
898,How many years after being ordered did it take for the HMS Astute to be put into service?,17,ship,1114
899,How many years did it take for the HMS Astute to be ordered and then launched?,10,ship,1114
900,How many years has HMS Astute been in service in the UK Navy?,8,ship,1114
901,"Who built HMS Astute, launched in 2007?","BAE Systems Submarine Solutions, Barrow-in-Furness",ship,1114
902,How many months after being launched was HMS Astute commissioned?,38,ship,1114
903,How many years after being laid down was the HMS Victory launched?,7,ship,1115
904,How many years after being ordered was HMS Victory launched?,7,ship,1115
905,What year was HMS Victory commissioned?,1778,ship,1115
906,What battle did Portsmouth participate in the year it was commissioned?,First Battle of Ushant,ship,1115
907,How many years after its launch did Portsmouth participate in the Battle of Cape Spartel?,17,ship,1115
908,How many years after HMS Victory was ordered did it participate in the Battle of Cape Spartel?,24,ship,1115
909,How many years after HMS Victory was commissioned did it fight in the Battle of Trafalgar?,27,ship,1115
910,How many years did it take for HMS Victory to be launched after being laid down?,6,ship,1115
911,How many years after its first battle did HMS Victory fight at Trafalgar?,27,ship,1115
912,How many months after being ordered was HMS Victory laid down?,12,ship,1115
913,How many years after being launched did HMS Victory fight at Cape Spartel?,17,ship,1115
914,What year was HMS Victory launched?,1765,ship,1115
915,How many years must you wait from the earliest you can serve to being eligible for special forces?,2,army,1116
916,"What is the ratio of active to reserve personnel in 2020, rounded to the nearest integer?",2,army,1116
917,How many years has the Australian Defence Force been in its current form?,46,army,1116
918,"What is the number of active personnel per reserve personnel, rounded to the nearest integer?",2,army,1116
919,"In what year did the Australian Defence Force's annual exports total around $2 billion while the active personnel reserve was at 59,095?",2019,army,1116
920,"At what age can an Australian first be selected, serve, be deployed, and be eligible for selective service in the Australian Defence Force?",19,army,1116
921,How many years after the Australian Defence Force was formed did it take its current form?,75,army,1116
922,At what age can an Australian both serve and be deployed in the Australian Defence Force?,18,army,1116
923,How many years after its founding did the Australian Defence Force take on its current form?,75,army,1116
924,Who is the Advisor to the Chiefs of Staff Committee?,Rick Angove RM,army,1117
925,What are the service branches under the Ministry of Defence in London?,"British Army , Royal Navy,  Corps of Royal Marines , Royal Air Force",army,1117
926,What is the difference in pounds between the maximum and minimum budget in 2021?,7.1 billion,army,1117
927,What is the minimum age required to join the British Armed Forces in 2021?,16,army,1117
928,How many types of industries in Britain are involved in defence?,6,army,1117
929,"What percentage of active personnel were deployed in 2021, rounded to the nearest percentage point?",6%,army,1117
930,Who are the foreign suppliers of the Bundeswehr?,"European Union , United States",army,1118
931,What is the headquarters of the Bundeswehr?,"Berlin, Bonn, and Potsdam",army,1118
932,How many years ago was the Federal Defence Forces of Germany founded?,67,army,1118
933,What were the 2019 annual exports of the Bundeswehr in euros?,8.015 billion,army,1118
934,"What percentage of active personnel were deployed, rounded to the nearest percentage point?",1%,army,1118
935,How many years ago did the Federal Defence Forces of Germany take on its current form?,32,army,1118
936,How many deployed personnel did the Federal Defence Forces of Germany have in April 2022?,2107,army,1118
937,How many months ago was the Federal Defence Forces of Germany founded?,805,army,1118
938,How many active and reserve personnel did Germany have in 2022?,198638,army,1118
939,Is Germany allowed to have an army?,yes,army,1118
940,How many service branches did Germany have between 2000 and 2010?,6,army,1118
941,How many months ago did the Federal Defence Forces of Germany take on its current form?,386,army,1118
942,How old does one have to be to serve in the Federal Defence Forces of Germany?,17,army,1118
943,How many years did the Defence Force last before its current form?,35,army,1118
944,How many service branches does the Defence Force encompass?,6,army,1118
945,How many active personnel did the Federal Defence Forces of Germany have in February 2022?,183638,army,1118
946,How many years would someone who is 8 years old have to wait before serving in the Federal Defence Forces of Germany?,9,army,1118
947,In what year would someone born in 2015 become eligible to serve in the Federal Defence Forces of Germany?,2032,army,1118
948,How many domestic defense suppliers does the Israel Defense Forces have?,8,army,1119
949,What is the longest conflict the Israel Defense Forces have been involved in?,South Lebanon conflict,army,1119
950,"Since its inception, what is the longest number of years the Israel Defense Forces have gone without a major military operation?",11,army,1119
951,How many service branches are there?,3,army,1119
952,How many years ago was the Israel Defense Forces founded?,74,army,1119
953,What is the minimum conscription length of the Israel Defense Forces in years?,2,army,1119
954,How many years had it been since the creation of the Israel Defense Forces before the Sinai War?,8,army,1119
955,How many Israeli males aged 17-49 are unfit for service?,54188,army,1119
956,In what year would someone born in 2011 become eligible to serve in the Israel Defense Forces?,2028,army,1119
957,How many months ago was the Israel Defense Forces founded?,895,army,1119
958,What was the name of the operation the Israel Defense Forces conducted in 1952?,Reprisal operations,army,1119
959,"How many years did the First Lebanon War, starting in 1982, last?",3,army,1119
960,How many active personnel did the Japan Self-Defense Forces have in 2021?,247154,army,1120
961,How many years after the founding of the Japan Self-Defense Forces did the 1999 East Timorese crisis occur?,45,army,1120
962,What year was the Japan Self-Defense Forces founded?,1954,army,1120
963,"How many active personnel are there per reserve personnel, rounded to the nearest integer?",4,army,1120
964,What was the last official campaign the Japan Self-Defense Forces participated in?,Operation Ocean Shield,army,1120
965,How many years ago was the Japan Self-Defense Forces founded?,68,army,1120
966,In what year would someone born in 2012 become eligible to enlist in the Japan Self-Defense Forces?,2030,army,1120
967,How many years is one eligible for enlistment in the Japan Self-Defense Forces?,14,army,1120
968,How many foreign countries supply the Defense Forces?,8,army,1120
969,What is the average number of months are soldiers conscripted to the Republic of Korea Armed Forces across all branches?,20,army,1121
970,On what date was the Korean flag first used?,"August 15, 1948",army,1121
971,What percentage of South Korea's GDP was spent on the military in 2021?,2.8%,army,1121
972,What is the minimum age for military service in Korea?,18,army,1121
973,How many years older is the highest military age compared to the youngest in the Republic of Korea Armed Forces?,10,army,1121
974,What war was the Republic of Korea Armed Forces involved in just one year after their 50th anniversary?,1999 East Timorese crisis,army,1121
975,What is the average of the minimum and maximum military age in the Republic of Korea Armed Forces?,23,army,1121
976,How many months longer is the conscription for the Air Force than for the Army?,4,army,1121
977,How many years after the founding of the Republic of Korea Armed Forces was the Vietnam War?,17,army,1121
978,How many years did it take the Saudi Arabian Armed Forces to assume their current form after their founding?,198,army,1122
979,Who was the Supreme Commander of the Saudi Arabian Armed Forces?,King Salman bin Abdulaziz Al Saud,army,1122
980,Where is the headquarters of the Saudi Armed Forces located?,Riyadh,army,1122
981,How long in years has the Saudi Arabian Armed Forces been in existence?,277,army,1122
982,For how many years has the current form of the Saudi Arabian Armed Forces been in effect?,79,army,1122
983,How many years separate the founding and the current form of the Saudi Arabian Armed Forces?,198,army,1122
984,How many years did it take the Saudi Arabian Armed Forces to deploy personnel to Yemen after deploying to Bahrain?,4,army,1122
985,What year must one have been born by to serve this year in the Saudi Arabian Armed Forces?,2005,army,1122
986,How many branches of force are there in the Saudi Arabian Armed Forces?,5,army,1122
987,How many armed services branches are there?,6,army,1123
988,How many years ago was the United States Armed Forces formed?,247,army,1123
989,Which commander in chief had a budget of US$782 billion for 2022?,Joe Biden,army,1123
990,What is the number of warrant officer types?,4,army,1123
991,Who is the current commander in chief of the United States Armed Forces?,President Joe Biden,army,1123
992,What was the 2022 budget for the United States Armed Forces in dollars?,782 billion,army,1123
993,"How long in minutes is the sidereal rotation period of Mars, rounded to the nearest integer?",1477,planet,1137
994,"What is the difference of the rotation period between Mars and Earth in minutes, rounded to the nearest integer?",40,planet,1137
995,"What is the difference of the synodic period between Mars and Earth in years?",1.135,planet,1137
996,How many Neptunian solar days are there in one Neptunian orbital period?,89666,planet,1138
997,"What is the orbital period of Neptune in years?",164.8,planet,1138
998,What planet was discovered in September 1846?,Neptune,planet,1138
999,"How much longer in days is Neptune's orbital period than its synodic period, rounded to the nearest integer?",59828,planet,1138
1000,Around which year will the next orbital period begin starting from the time of perihelion?,2206,planet,1138
1001,How many years after the discovery of Neptune is the time of perihelion?,196,planet,1138
1002,Approximately how many cumulative deaths were there in 2016 due to cholera?,32800,disease,1200
1003,"If I drank contaminated water and had muscle cramps 8 hours later, what should I do to check for cholera?",Stool test,disease,1200
1004,"If I suspected I had exposure on a Monday, by which day would I know I definitely do not have it?",Saturday,disease,1200
1005,After what age does the most common onset of gallbladder cancer occur?,65,disease,1201
1006,What is the five-year survival rate of gallbladder cancer?,19,disease,1201
1007,How many deaths from gallbladder cancer occur annually in the US?,2000,disease,1201
1008,How many total deaths from AIDS occurred outside the year 2020?,35620000,disease,1202
1009,"If the number of new AIDS cases in 2021 is the same as in 2020, how many people will be living with AIDS?",38.5 million,disease,1202
1010,How many total deaths are expected from AIDS in 2021 if the death total remains the same?,36980000,disease,1202
1011,"As of January 3, 2020, how many departments in France had at least one death?",0,disease,1203
1012,Are there more or fewer than 140 million doses administered as of December 2022?,more,disease,1203
1013,What is the time difference in months between the fatality map and the confirmed cases map?,22,disease,1203
1014,What continent is the country in question located in?,Europe,disease,1203
1015,"How many people are fully vaccinated in France since the outbreak in Wuhan, China, as of the date the information was collected?",53083894,disease,1203
1016,How many people in France have been at least partially vaccinated since the outbreak began?,54587663,disease,1203
1017,"As of May 5, 2022, how many regions in France had ≥700,000 confirmed cases of COVID-19?",1,disease,1203
1018,"Before January 24, 2020, how many confirmed cases of COVID-19 were there in France?",0,disease,1203
1019,"Which category had the highest geographical concentration of Covid deaths per 100,000 in July 2020?",700000,disease,1203
1020,"What is the total number of recovered COVID-19 cases in Johor since January 25, 2020, as of the publishing date of this information?",201423,disease,1204
1021,How many Covid-19 deaths have been confirmed in Johor since the beginning of the pandemic?,3588,disease,1204
1022,"Are there more active or recovered COVID-19 cases as of October 25, 2021?",Recovered,disease,1204
1023,What country did the outbreak first occur in?,China,disease,1204
1024,How many months has the pandemic lasted?,21,disease,1204
1025,Is the proportion of all-time cases that are currently active more or less than 5%?,less,disease,1204
1026,"How many confirmed cases are there, as of October 25, 2021?",215263,disease,1204
1027,How many months ago were there 215263 confirmed cases?,14,disease,1204
1028,How many months ago did COVID-19 arrive in Johor?,35,disease,1204
1029,"At least how many White House COVID-19 outbreak cases had been confirmed as of September 26, 2022?",53,disease,1205
1030,How many days elapsed between the first reported COVID-19 case and the first hospitalization?,14,disease,1205
1031,By which day in 2020 were there at least 20 reported cases of COVID?,Election Day,disease,1205
1032,During which strain of COVID-19 was Amy Coney Barrett's nomination to the Supreme Court announced?,SARS-CoV-2,disease,1205
1033,What was the worst outcome of the outbreak?,An individual was hospitalized,disease,1205
1034,Who was the most noteworthy individual to contract COVID in this outbreak?,President Trump,disease,1205
1035,"If the first report of the White House COVID-19 outbreak had occurred a month later than it actually did, on what date would it have occurred?","November 1, 2020",disease,1205
1036,How many days elapsed from arrival to the first report?,5,disease,1205
1037,"As of November 11, 2020, at least how many confirmed cases had there been from Pence's staff and Election Day combined in the White House COVID-19 outbreak?",25,disease,1205
